<?xml version="1.0" encoding="UTF-8"?>
<project-private xmlns="http://www.netbeans.org/ns/project-private/1">
    <editor-bookmarks xmlns="http://www.netbeans.org/ns/editor-bookmarks/2" lastBookmarkId="0"/>
    <open-files xmlns="http://www.netbeans.org/ns/projectui-open-files/2">
        <group>
            <file>file:/Users/febs/Dropbox/College/Computer%20Science%20B.S./Spring%202019/Software%20Analysis%20and%20Design/Lab%20Assignments%20-%20CS2511/Lab%203%20ProblemSolver/src/domains/farmer/FarmerMover.java</file>
            <file>file:/Users/febs/Dropbox/College/Computer%20Science%20B.S./Spring%202019/Software%20Analysis%20and%20Design/Lab%20Assignments%20-%20CS2511/Lab%203%20ProblemSolver/src/domains/farmer/FarmerProblem.java</file>
            <file>file:/Users/febs/Dropbox/College/Computer%20Science%20B.S./Spring%202019/Software%20Analysis%20and%20Design/Lab%20Assignments%20-%20CS2511/Lab%203%20ProblemSolver/src/domains/puzzle/PuzzleProblem.java</file>
            <file>file:/Users/febs/Dropbox/College/Computer%20Science%20B.S./Spring%202019/Software%20Analysis%20and%20Design/Lab%20Assignments%20-%20CS2511/Lab%203%20ProblemSolver/src/framework/ui/ProblemGUI.java</file>
        </group>
    </open-files>
</project-private>
